case_id,run,expected_behavior,basis_for_expectation,observed_behavior,sql_injection_detected_field,fuzzed_req,running_time,matched_lines,raw_evidence_path
control,control-run1,"SQLi detected (filter off; apostrophe reaches query, causes syntax error)","Source inspection of a2_control.php: $filterEnabled=false, no character restriction before query",DETECTED,1,2,0:02:40.028920,"1. GET | http://localhost:8081/a2_control.php | Submit=Submit&id=1%27 |  [1'] ==> select first_name, last_name from users where user_id = 1' *#*#error 1064: 2000you have an error in your sql syntax; check the manual that corresponds to your mysql server version for the right syntax to use near ''' at line 1",raw/control/control-run1
control,control-run2,"SQLi detected (filter off; apostrophe reaches query, causes syntax error)","Source inspection of a2_control.php: $filterEnabled=false, no character restriction before query",DETECTED,1,2,0:02:20.033037,"1. GET | http://localhost:8081/a2_control.php | Submit=Submit&id=1%27 |  [1'] ==> select first_name, last_name from users where user_id = 1' *#*#error 1064: 2000you have an error in your sql syntax; check the manual that corresponds to your mysql server version for the right syntax to use near ''' at line 1",raw/control/control-run2
control,control-run3,"SQLi detected (filter off; apostrophe reaches query, causes syntax error)","Source inspection of a2_control.php: $filterEnabled=false, no character restriction before query",DETECTED,1,2,0:02:20.024651,"1. GET | http://localhost:8081/a2_control.php | Submit=Submit&id=1%27 |  [1'] ==> select first_name, last_name from users where user_id = 1' *#*#error 1064: 2000you have an error in your sql syntax; check the manual that corresponds to your mysql server version for the right syntax to use near ''' at line 1",raw/control/control-run3
post-variant,post-variant-run1,Same underlying vulnerability and filter logic as primary_case; method changed to POST only,Identical source logic to a2_filtered.php except $_GET -> $_POST and form method; see cases/difference_of_filtered_and_filtered_post.txt,NOT DETECTED,0,70,19:29:39.404204,,raw/post-variant-run1
post-variant,post-variant-run2,Same underlying vulnerability and filter logic as primary_case; method changed to POST only,Identical source logic to a2_filtered.php except $_GET -> $_POST and form method; see cases/difference_of_filtered_and_filtered_post.txt,NOT DETECTED,0,70,0:03:41.364103,,raw/post-variant-run2
post-variant,post-variant-run3,Same underlying vulnerability and filter logic as primary_case; method changed to POST only,Identical source logic to a2_filtered.php except $_GET -> $_POST and form method; see cases/difference_of_filtered_and_filtered_post.txt,NOT DETECTED,0,70,0:03:41.463523,,raw/post-variant-run3
primary_case,filtered-run1,"Page IS exploitable (boolean-blind, id=1 AND 1=1 vs id=1 AND 1=0); SQLiFuzz is expected to MISS it due to the filter blocking its mutation set","Manual ground-truth check: id=1 AND 1=1 -> ROWS=1, id=1 AND 1=0 -> ROWS=0 (see notes/ground_truth_boolean_check.md), established independently of SQLiFuzz",NOT DETECTED,0,70,0:03:40.748286,,raw/primary_case/filtered-run1
primary_case,filtered-run2,"Page IS exploitable (boolean-blind, id=1 AND 1=1 vs id=1 AND 1=0); SQLiFuzz is expected to MISS it due to the filter blocking its mutation set","Manual ground-truth check: id=1 AND 1=1 -> ROWS=1, id=1 AND 1=0 -> ROWS=0 (see notes/ground_truth_boolean_check.md), established independently of SQLiFuzz",NOT DETECTED,0,70,0:03:41.271021,,raw/primary_case/filtered-run2
primary_case,filtered-run3,"Page IS exploitable (boolean-blind, id=1 AND 1=1 vs id=1 AND 1=0); SQLiFuzz is expected to MISS it due to the filter blocking its mutation set","Manual ground-truth check: id=1 AND 1=1 -> ROWS=1, id=1 AND 1=0 -> ROWS=0 (see notes/ground_truth_boolean_check.md), established independently of SQLiFuzz",NOT DETECTED,0,70,0:03:41.732758,,raw/primary_case/filtered-run3
